id	filename	render_path	media_type	animated	category	description	keywords	use_when
001	Camera_XHS_174184591622601025l01khgpo9u2t5v010n2zje6bat2pg.jpg	Camera_XHS_174184591622601025l01khgpo9u2t5v010n2zje6bat2pg.jpg	image/jpeg	no	贴贴撒娇	小动物趴在对方身上，配字“黏你”	黏人,贴贴,趴着,抱抱	想直接黏住对方时
002	Camera_XHS_1780379208526.jpg	Camera_XHS_1780379208526.jpg	image/jpeg	no	委屈哭哭	方块小猫举着“TvT”哭脸牌	委屈,TvT,掉眼泪	轻轻表示难过时
003	Camera_XHS_1787702249083.jpg	Camera_XHS_1787702249083.jpg	image/jpeg	no	安慰陪伴	大猫把小猫抱在怀里舔毛	抱抱,照顾,安慰,陪伴	想把对方抱住哄一哄时
004	Camera_XHS_1788058279245.jpg	Camera_XHS_1788058279245.jpg	image/jpeg	no	贴贴撒娇	小狗从背后抱住另一只小狗	背后抱,贴贴,不松手	想从背后黏住对方时
005	Camera_XHS_1788254193604.jpg	Camera_XHS_1788254193604.jpg	image/jpeg	no	生气质问	小仓鼠气势汹汹登场	生气,登场,气势汹汹,萌	气呼呼地出现时
006	IMG_20240623_003357.jpg	IMG_20240623_003357.jpg	image/jpeg	no	委屈哭哭	猪猪侠配字“真心总被骗”	受骗,委屈,真心,自嘲	觉得自己的真心被辜负时
007	IMG_20241118_141229.jpg	IMG_20241118_141229.jpg	image/jpeg	no	震惊疑惑	皱眉小猫头顶问号	问号,疑惑,不理解	完全没听懂或没反应过来时
008	IMG_20241118_141243.jpg	IMG_20241118_141243.jpg	image/jpeg	no	震惊疑惑	小猪睁大眼睛呆住	震惊,呆住,小猪	突然被说懵时
009	IMG_20250626_224814.jpg	IMG_20250626_224814.jpg	image/jpeg	no	震惊疑惑	戴小胡子的猫配字“我嘟嘟逼人？”	反问,无辜,咄咄逼人,小胡子	被说凶时无辜反问
010	IMG_20250804_130826.jpg	IMG_20250804_130826.jpg	image/jpeg	no	贴贴撒娇	胖猫想抱人但担心肚子先顶到	抱抱,胖猫,肚子,贴贴	想抱抱又故意卖萌时
011	IMG_20251105_205016.jpg	IMG_20251105_205016.jpg	image/jpeg	no	崩溃疲惫	人物崩溃大喊“美国人怎么这么坏”	崩溃,大喊,太坏了	遇到离谱坏事时
012	img-1713589736748c94fdb8b1e2288f1ddef4cdd38ae26dd5c5acdb12e80574688f8be272f706405.jpg	img-1713589736748c94fdb8b1e2288f1ddef4cdd38ae26dd5c5acdb12e80574688f8be272f706405.jpg	image/jpeg	no	害羞可爱	白色小狗低头怯怯地看过来	可怜,小狗,低头,怯生生	小心翼翼求关注时
013	img-17165582207762c6ed81ba22d25e29d5233dfb3048c483e986eaa1f63d1c62b7899d436aba9fb.jpg	render/013.jpg	image/heic	no	无语嫌弃	圆滚滚小动物安静站着	沉默,发呆,看着	不知道该说什么时
014	img-17165582236823e78254911dbf3a14cb4c9a033ca4c4cf0b75e3a683447fa5a5f8265e4de0e43.jpg	render/014.jpg	image/heic	no	委屈哭哭	圆滚滚小动物含着一大滴眼泪	眼泪,可怜,忍哭	委屈但还没哭出来时
015	img-1717121231508d2090526229e9d9b55535ad984cf5c7ee51f97346c833cd0765021f5309575eb.jpg	render/015.jpg	image/heic	no	开心得意	猫猫兴奋挥手，配字“哦哦哦哦哦”	明白了,兴奋,哦哦	突然懂了或兴奋应声时
016	img-1717696744571cf7d7aa8cf159b78dec8f20d65716cb0c2ee8bc7a7810c7ab041fb63d875b858.jpg	render/016.jpg	image/heic	no	委屈哭哭	模糊哭脸配字“求放过”	求饶,放过,哭	被逗得招架不住时
017	img-1717767873368c7d4d46606e606662b8a0b1fa031b5d6d37656532adb75362c8c7a6d950b0141.jpg	render/017.jpg	image/heic	no	生气质问	小狗眼里冒火	怒火,小狗,生气	真的气到了但仍然很萌时
018	img-17177678891803e6424e749019802de01b2b91513f41e85939935d1280e6fcc909290bd2ac933.jpg	render/018.jpg	image/heic	no	委屈哭哭	小狗流下两串蓝色眼泪	小狗,大哭,眼泪	委屈明显升级时
019	img-1717821057800bd0d69713e25411f36f000c13863a0000e410c98c8d24ca6fd3f0462a3aa585e.jpg	img-1717821057800bd0d69713e25411f36f000c13863a0000e410c98c8d24ca6fd3f0462a3aa585e.jpg	image/jpeg	no	贴贴撒娇	长脸石像认真说“妹子，你能理理我么，暗恋你很久了”	暗恋,理理我,求关注,石像	想可怜巴巴求对方理一理时
020	img-1718175891397f23c0ace43213ceda898b956604d83974f492b124736774a33a1eca5e58b338e.jpg	img-1718175891397f23c0ace43213ceda898b956604d83974f492b124736774a33a1eca5e58b338e.jpg	image/jpeg	no	无语嫌弃	模糊小人面无表情站着	呆滞,无语,站着	静静看对方表演时
021	img-1718192490656ba138f8171ec790fd44a40220701a298ae17307faca55796d2f47ad0cf615018.jpg	img-1718192490656ba138f8171ec790fd44a40220701a298ae17307faca55796d2f47ad0cf615018.jpg	image/jpeg	no	贴贴撒娇	玩偶含泪说会永远看着你	永远,注视,黏人,玩偶	夸张表达离不开和关注时
022	img-1718328187463b9abc890386edccc6b0b369fea7024b7a440b5adb2678e82577b15b6730fa7f1.jpg	img-1718328187463b9abc890386edccc6b0b369fea7024b7a440b5adb2678e82577b15b6730fa7f1.jpg	image/jpeg	no	无语嫌弃	圆脸从边缘悄悄探头	探头,观察,偷窥	暗中观察局面时
023	img-1718776752810950a033cbca0191f3dada85a44b507b8324ced0edc6b0902f0a43eb52217db81.jpg	render/023.jpg	image/heic	no	震惊疑惑	模糊小人冒汗	冒汗,尴尬,慌	局面让人尴尬紧张时
024	img-171907400907588753ae1ab09302640904f738bd0f4f661453a57934c0b46da1b9a138916534a.jpg	render/024.jpg	image/heic	no	搞怪抽象	浓妆猪猪侠配字“人坏没人欺”	浓妆,猪猪侠,抽象,坏人	故意扮坏或阴阳怪气时
025	img-1720093212408c2d2bbd3e725ff9648981595fd452d801d3b5affe6cf92bece46623d9ba64832.jpg	img-1720093212408c2d2bbd3e725ff9648981595fd452d801d3b5affe6cf92bece46623d9ba64832.jpg	image/jpeg	no	生气质问	两只猫激烈叫嚷，配字“打没那个脚”	打架,叫嚷,凶,护短	替对方出头或喊打时
026	img-1720093299917eeb16296ae5f3b5efb5e06667ebae21ee0501861e9ac84a63ed52243e04486b2.jpg	render/026.jpg	image/heic	no	生气质问	皇帝脸配字“朕何罪之有啊？”	皇帝,冤枉,反问,朕	被冤枉时摆皇帝架子
027	img-1720169826747ea70d8a2eeeaf3bb4dde3f193d4236918df0db28e400cc1c051d871d867cde71.jpg	img-1720169826747ea70d8a2eeeaf3bb4dde3f193d4236918df0db28e400cc1c051d871d867cde71.jpg	image/jpeg	no	无语嫌弃	黄色圆脸侧眼偷瞄	侧眼,偷瞄,怀疑	对某件事持保留态度时
028	img-172171496987170352f8261799d720652f0387195acc53d03b5a7089c544afd98f923e35ffe39.jpg	img-172171496987170352f8261799d720652f0387195acc53d03b5a7089c544afd98f923e35ffe39.jpg	image/jpeg	no	喜欢爱意	两只小动物贴在一起，满屏 love	喜欢,爱你,贴贴,love	直白表达爱意时
029	img-172715963424429e8b87479f5f3ab901ea5f5eee8d3f2fa2f0476fd3714ea32a6047ca3a98d42.jpg	img-172715963424429e8b87479f5f3ab901ea5f5eee8d3f2fa2f0476fd3714ea32a6047ca3a98d42.jpg	image/jpeg	no	贴贴撒娇	小动物紧跟在脚边，标注“跟着”	跟着,脚边,黏人	表示要寸步不离时
030	img-172724284174824bb989356e2c697b04749af38de2cab9665007b391c2f23807aa8c43d47d319.jpg	img-172724284174824bb989356e2c697b04749af38de2cab9665007b391c2f23807aa8c43d47d319.jpg	image/jpeg	no	喜欢爱意	两个小人靠在一起冒爱心	爱心,依偎,情侣	甜甜靠近对方时
031	img-17272428444301c5c3d6527dbacf44b5572951d180bd9f07f472c22857a5207c9f9123590db8a.jpg	img-17272428444301c5c3d6527dbacf44b5572951d180bd9f07f472c22857a5207c9f9123590db8a.jpg	image/jpeg	no	委屈哭哭	白色小人张嘴大哭	大哭,眼泪,嚎啕	想毫不掩饰地哭时
032	img-172724286252424ca02e3349c29fcfacf2e26aac49c24bbdb52b7724ae2cabbfe7cb0e7846bd0.jpg	img-172724286252424ca02e3349c29fcfacf2e26aac49c24bbdb52b7724ae2cabbfe7cb0e7846bd0.jpg	image/jpeg	no	喜欢爱意	白色小人张开双臂冲来，满是爱心	扑过来,爱心,拥抱	兴奋地扑向对方时
033	img-1727242876767f49b7a6d85e333e0ea994ad600f12882026396065216326027824db14f9e13d1.jpg	img-1727242876767f49b7a6d85e333e0ea994ad600f12882026396065216326027824db14f9e13d1.jpg	image/jpeg	no	贴贴撒娇	白色小人双手合十恳求	拜托,求求,合十	软乎乎求人答应时
034	img-17273586351151146e31a77bb8a67159493c3c22c7a52d8bcb8ddbe1e8cdf567797b20e399139.jpg	render/034.jpg	image/heic	no	喜欢爱意	小动物举起一颗大爱心	大爱心,送给你,喜欢	把整颗心递给对方时
035	img-17273586421927c95514b3a1c0e6f93741c72475c4370d4f40664cf0d86d25b490f061bf911cf.jpg	render/035.jpg	image/heic	no	害羞可爱	白色小狗用湿漉漉的大眼睛望着	星星眼,小狗,可爱	想靠可爱获得关注时
036	img-1727358659189de3a62089bf5aa2eb7d9af7db60113c33425303ad36af1b60636479c719c2b30.jpg	img-1727358659189de3a62089bf5aa2eb7d9af7db60113c33425303ad36af1b60636479c719c2b30.jpg	image/jpeg	no	喜欢爱意	白色小狗捧着情书，周围冒爱心	情书,告白,爱心	认真又可爱地告白时
037	img-1727769968420d25f6da1a145e838aa17dd095946c6bf4661df4134bbaeb7fe9ca84fdd89beee.jpg	render/037.jpg	image/heic	no	喜欢爱意	纸条写着“即使成为你的奴隶我也心甘情愿”	心甘情愿,告白,纸条,服从	夸张表达心甘情愿跟着对方时
038	img-1727769989028d6357c19171b697890e610d56957cbac155589613e13853c88bcd68658a79ab3.jpg	img-1727769989028d6357c19171b697890e610d56957cbac155589613e13853c88bcd68658a79ab3.jpg	image/jpeg	no	委屈哭哭	橘猫低头流下两串泪	橘猫,低头,流泪	被冷落后伤心时
039	img-1727770089387eb7ede004e34fa06b12eb3c5f79bdaaa2f6fa6c74c897d14c448ec025b1c26f6.jpg	img-1727770089387eb7ede004e34fa06b12eb3c5f79bdaaa2f6fa6c74c897d14c448ec025b1c26f6.jpg	image/jpeg	no	崩溃疲惫	猫猫趴倒，精神意志已回归宇宙	灵魂出窍,累,宇宙,趴倒	累到精神离线时
040	img-172777014412617b6b85b4d8f25487bba09731190865d04c8e409d515e669162b94012fbe4d63.jpg	img-172777014412617b6b85b4d8f25487bba09731190865d04c8e409d515e669162b94012fbe4d63.jpg	image/jpeg	no	崩溃疲惫	小猫从巨大对白框后探出，配字“我操了”	我操,崩溃,小猫	被离谱状况击中时
041	img-1727770178382eaa220c5f62e2bb2ac97e3677cc4a967a690dda2cd5b89cabeea61ee4b37616d.jpg	img-1727770178382eaa220c5f62e2bb2ac97e3677cc4a967a690dda2cd5b89cabeea61ee4b37616d.jpg	image/jpeg	no	委屈哭哭	小猫含泪叼着烟斗似的物件	含泪,硬撑,小猫	一边难过一边故作镇定时
042	img-1728529718953f3a445c953c87b6e1befa6fc2782eb0f27b7b7b5ed6c97390526353eaf931c7e.jpg	render/042.jpg	image/heic	no	安慰陪伴	线条小动物抱住猫猫	拥抱,安慰,抱紧	对方伤心时立刻抱住
043	img-1728904851505c2649bba3954e684be7b96c52055a018f0d19fb823da70ee999bf7c5315f8b83.jpg	img-1728904851505c2649bba3954e684be7b96c52055a018f0d19fb823da70ee999bf7c5315f8b83.jpg	image/jpeg	no	害羞可爱	模糊小猫配字“咪”	咪,小猫,软萌	软软应声或装可爱时
044	img-17289048584020ea9fb63f1fb9f3b8de7b5ec30bdff3e3e2ce13eed59929d7a619d993199a2c6.jpg	img-17289048584020ea9fb63f1fb9f3b8de7b5ec30bdff3e3e2ce13eed59929d7a619d993199a2c6.jpg	image/jpeg	no	无语嫌弃	一双小眼睛从白色里悄悄露出	偷看,潜伏,观察	悄悄窥屏时
045	img-172897695135584dfb92774c9ebcb686ae5f73006bdb8e1c129f328628ddf80883d7f0db2badb.jpg	img-172897695135584dfb92774c9ebcb686ae5f73006bdb8e1c129f328628ddf80883d7f0db2badb.jpg	image/jpeg	no	无语嫌弃	昏暗里的小猫抬头盯着	盯着,暗中观察,小猫	沉默但持续关注时
046	img-1729434034020ab82bbe684deffeda2c00b5313f8873238af4c60d906ac0cd68081cbaecad33e.jpg	img-1729434034020ab82bbe684deffeda2c00b5313f8873238af4c60d906ac0cd68081cbaecad33e.jpg	image/jpeg	no	震惊疑惑	床边猫猫配字“猫吓完醒了”	吓醒,震惊,猫	被消息吓得清醒时
047	img-172943845046611b36eacbc5271fcc3928786b23bcce04608d4ab05663afb69839f6b68302dbe.jpg	img-172943845046611b36eacbc5271fcc3928786b23bcce04608d4ab05663afb69839f6b68302dbe.jpg	image/jpeg	no	委屈哭哭	猫猫仰头贴脸哭泣	贴脸,哭,委屈	想把委屈怼到镜头前时
048	img-172943845664775b184d57c6827a1779e09a2c0b0819d5fc094d670efbdbbf3d1ad64401009d5.jpg	img-172943845664775b184d57c6827a1779e09a2c0b0819d5fc094d670efbdbbf3d1ad64401009d5.jpg	image/jpeg	no	震惊疑惑	猫鼻子超近距离怼脸	凑近,疑惑,猫鼻子	靠近确认对方说了什么时
049	img-1730164164577284daf13c61ef4e1618e78b44eb61b64b8902cf8211eda17e866f6a73ebe6b7d.jpg	img-1730164164577284daf13c61ef4e1618e78b44eb61b64b8902cf8211eda17e866f6a73ebe6b7d.jpg	image/jpeg	no	委屈哭哭	小人卷进文字与风暴般的情绪里	内耗,风暴,委屈,长文	情绪复杂说不清时
050	img-1730613629145682fb58d078264853f63835ea9615293fa3ef0b49c50af9f018d4e4ef1b72b08.jpg	img-1730613629145682fb58d078264853f63835ea9615293fa3ef0b49c50af9f018d4e4ef1b72b08.jpg	image/jpeg	no	喜欢爱意	黄色小人被可爱到怀疑“真的是人类吗”	太可爱,人类吗,惊叹,喜欢	觉得对方可爱得不像人类时
051	img-173163492375159c36d87857ac7921e02be1dd7cb3269032b3e125bab0ba7fa308b5a2b455b6d.jpg	img-173163492375159c36d87857ac7921e02be1dd7cb3269032b3e125bab0ba7fa308b5a2b455b6d.jpg	image/jpeg	no	委屈哭哭	泪眼猫配字“那不是流星雨，是我的眼泪”	流星雨,眼泪,猫	夸张浪漫地哭时
052	img-1732092741045441326127ab1df15b0f6a79890bcaf17f4af0d711e06b338d020bf97e3d78f27.jpg	img-1732092741045441326127ab1df15b0f6a79890bcaf17f4af0d711e06b338d020bf97e3d78f27.jpg	image/jpeg	no	害羞可爱	小黄团子坐着微笑	团子,乖巧,可爱	安静乖乖待着时
053	img-173441760772507043a3619b982591f280e55455876e54e5780a9bad9555af4f54c2f7ed1756b.jpg	render/053.jpg	image/heic	no	贴贴撒娇	泪眼小猫质问在干嘛为何不说一声	报备,在干嘛,黏人,小猫	想让对方报备行踪时
054	img-173598675921473a5e76e06cbeb14212e163f85ca57b86bb6fcfc7683a64ba9d0655b72a663e1.jpg	render/054.jpg	image/heic	no	无语嫌弃	像素小团子原地站着	发呆,像素,团子	短暂宕机时
055	img-1735986888952e0840e497436fb0e6da867add9f28f8563aaac5d5aeff53463f7611972e719d4.jpg	img-1735986888952e0840e497436fb0e6da867add9f28f8563aaac5d5aeff53463f7611972e719d4.jpg	image/jpeg	no	崩溃疲惫	小人抱瓶子，配字“就让我醉”	喝醉,逃避,崩溃	想暂时逃开烦心事时
056	img-1735986892187e3c0db3e556bc09cf586a473b76575288190b23ce44d5d7e55ebbf72c4093ecb.jpg	img-1735986892187e3c0db3e556bc09cf586a473b76575288190b23ce44d5d7e55ebbf72c4093ecb.jpg	image/jpeg	no	委屈哭哭	白色小动物趴着大量流失水分	大哭,水分,趴着	哭到化成一摊时
057	img-173598689747334a5fd026810df2eb7545fa660cf59be0761e93d10b78af311525068ce812a47.jpg	img-173598689747334a5fd026810df2eb7545fa660cf59be0761e93d10b78af311525068ce812a47.jpg	image/jpeg	no	崩溃疲惫	小人被线团困住，配字“被困住”	困住,动不了,卡住	遇到无法推进的状况时
058	img-1735986915298f9bc7acc16bc678b3ef1b5af0c28ea83f12dae2de6c7f37a3dd0e4166cfe0306.jpg	img-1735986915298f9bc7acc16bc678b3ef1b5af0c28ea83f12dae2de6c7f37a3dd0e4166cfe0306.jpg	image/jpeg	no	搞怪抽象	小狗狗沿墙边鬼鬼祟祟逃离	逃跑,溜走,狗狗	想悄悄撤退时
059	img-17359872588126a0ae357c7212a5f491f4c0d43a50070ae2ef04415c354df4b4c9bb10f3efe16.jpg	render/059.jpg	image/heic	no	震惊疑惑	胖猫额头冒出蓝色汗滴	冒汗,猫,心虚	心虚或尴尬时
060	img-1736251514200b07f5c8e0a0caefe47a339f359846fcc0be6cefc3b2a020897af74c94f70e3aa.jpg	img-1736251514200b07f5c8e0a0caefe47a339f359846fcc0be6cefc3b2a020897af74c94f70e3aa.jpg	image/jpeg	no	安慰陪伴	小动物摸摸猫猫，配字“猫不错”	摸摸,安慰,夸奖,猫	夸对方做得不错时
061	img-17374214808406065a40826a517240db7b606d72268ccedcf11b222b70ed1c2cb9e1bb4bff270.jpg	img-17374214808406065a40826a517240db7b606d72268ccedcf11b222b70ed1c2cb9e1bb4bff270.jpg	image/jpeg	no	贴贴撒娇	小动物端着容器可怜巴巴站着	讨饭,求投喂,可怜	撒娇求吃的或求照顾时
062	img-1737421497895b9c3190c449a46042b0dd8dfaa3bf61dbdcd16a3ac378f224f06a7852752d621.jpg	img-1737421497895b9c3190c449a46042b0dd8dfaa3bf61dbdcd16a3ac378f224f06a7852752d621.jpg	image/jpeg	no	安慰陪伴	大手摸头，配字“菩萨喜欢坚强的孩子”	摸头,菩萨,鼓励,坚强	温柔鼓励对方时
063	img-173932965442528cf39eaf241c5a0d30b183bf1c249a6bfb0cf3a3794d61a5826cc0eecc86d35.jpg	img-173932965442528cf39eaf241c5a0d30b183bf1c249a6bfb0cf3a3794d61a5826cc0eecc86d35.jpg	image/jpeg	no	委屈哭哭	黄色圆脸蓄满眼泪	泪眼,可怜,黄色脸	可怜兮兮地看对方时
064	img-174048365571108688f40c7ade6ecdb789cef0e43fc10a08d8d6e155ac5967285791f6ff31ae0.jpg	render/064.jpg	image/heic	no	生气质问	浓妆脸严肃问“不要这样讲话好吗？”	制止,严肃,不许这样	对方说话太过分时
065	img-1740661528893007GRwcLgy1hyzfgc7vm3g305k05xwr0.gif	img-1740661528893007GRwcLgy1hyzfgc7vm3g305k05xwr0.gif	image/gif	yes	开心得意	橙色笑脸拿扇子大笑的 GIF	大笑,扇子,开心,动图	被逗得开怀大笑时
066	img-174067552687678588cbac56d8918082ae824a0114d5bb2ace05752df1a85d94bfa8151e6f851.jpg	img-174067552687678588cbac56d8918082ae824a0114d5bb2ace05752df1a85d94bfa8151e6f851.jpg	image/jpeg	no	搞怪抽象	圆滚滚猫猫配字“拉大便”	便便,猫,粗俗,搞怪	故意说幼稚怪话时
067	img-1741623979032678763a21540cb2162df7e19840b6d8d2debf8ac9d09f67be8407163c004d425.jpg	img-1741623979032678763a21540cb2162df7e19840b6d8d2debf8ac9d09f67be8407163c004d425.jpg	image/jpeg	no	害羞可爱	小奶猫脸上带害羞笑线	奶猫,害羞,微笑	被夸后不好意思时
068	img-174162398200058ce8c218748a206117c645e5550fa017bdda3afdf641132d106a91bedb027c0.jpg	img-174162398200058ce8c218748a206117c645e5550fa017bdda3afdf641132d106a91bedb027c0.jpg	image/jpeg	no	问候等候	小奶猫探头说“Hi”	Hi,打招呼,探头	轻轻出现并打招呼时
069	img-1742108236153008vpMA2gy1hzissxrwlmg303k03kn1d.gif	img-1742108236153008vpMA2gy1hzissxrwlmg303k03kn1d.gif	image/gif	yes	搞怪抽象	绿色生物被飞碟吸走的 GIF	外星人,飞碟,吸走,动图	想表达被莫名带走时
070	img-17425527541686b06fa3f206a7bbbc0212aec7637c8e7f51e9ec8046edbe1d5443e412d58376c.jpg	img-17425527541686b06fa3f206a7bbbc0212aec7637c8e7f51e9ec8046edbe1d5443e412d58376c.jpg	image/jpeg	no	委屈哭哭	模糊小奶猫低头难过	奶猫,低落,模糊	情绪蔫下来时
071	img-17425527584513f0305626c6dad02decc5ef027c503e3b9f2f96759d76950250ba42259d38fa6.jpg	img-17425527584513f0305626c6dad02decc5ef027c503e3b9f2f96759d76950250ba42259d38fa6.jpg	image/jpeg	no	震惊疑惑	小奶猫转头眯眼看过来	转头,疑惑,奶猫	听见奇怪的话后回头看
072	img-1744601677416cb2ea1be2bc027b6a7673fcf8515176b13d93c354a6632f2c66b6db9eaf33dcd.jpg	img-1744601677416cb2ea1be2bc027b6a7673fcf8515176b13d93c354a6632f2c66b6db9eaf33dcd.jpg	image/jpeg	no	崩溃疲惫	线条猫猫仰头尖叫	尖叫,抓狂,崩溃	受不了而尖叫时
073	img-17477311678159592f0fc8864884a520a17f7e36e4afa79c0de9ea0e1a5aecaa87b0ba045966c.jpg	img-17477311678159592f0fc8864884a520a17f7e36e4afa79c0de9ea0e1a5aecaa87b0ba045966c.jpg	image/jpeg	no	委屈哭哭	黄色小狗坐垫上配字“我一直哭”	一直哭,小狗,坐着	持续委屈时
074	img-174783205046546bdac405b99340792c81307f1adc1549b1edd0dfcb385230843cee15afb3959.jpg	img-174783205046546bdac405b99340792c81307f1adc1549b1edd0dfcb385230843cee15afb3959.jpg	image/jpeg	no	生气质问	奶猫怒骂“你这个没有心的王八蛋”	没心,骂人,奶猫,生气	被冷落后气哭质问
075	img-1750401710572c0ce430c947fe3102e9206442e0968f901f4c13e557881d8e00723a21d448223.jpg	img-1750401710572c0ce430c947fe3102e9206442e0968f901f4c13e557881d8e00723a21d448223.jpg	image/jpeg	no	生气质问	奶猫质问“你知豆错了没！”	认错,质问,奶猫	要对方立刻认错时
076	img-1750401738727adcdfb01bdfc9f1217224620b2efd34ccc8bbeaab0f11328093fc6f38a63555b.jpg	img-1750401738727adcdfb01bdfc9f1217224620b2efd34ccc8bbeaab0f11328093fc6f38a63555b.jpg	image/jpeg	no	问候等候	泪眼奶猫配字“就这样等你消息”	等消息,委屈,奶猫	可怜巴巴等对方回复时
077	img-17542761030070079ArMogy1i40or8ing9g3022022jrd.gif	img-17542761030070079ArMogy1i40or8ing9g3022022jrd.gif	image/gif	yes	无语嫌弃	小团子躺着抽烟似的 GIF	躺平,抽烟,看淡,动图	无语到看淡一切时
078	img-1754793455828f8a57cf2aa89d9c34dbd0c0d8d01bc2544008d93b6950a83e8e944fb94f1d285.jpg	img-1754793455828f8a57cf2aa89d9c34dbd0c0d8d01bc2544008d93b6950a83e8e944fb94f1d285.jpg	image/jpeg	no	生气质问	圆头小人攥拳含泪生气	气哭,攥拳,委屈	又气又委屈时
079	img-1754893912876008bFqEhgy1i3f3qf2sqzg30b40b4tz2.gif	img-1754893912876008bFqEhgy1i3f3qf2sqzg30b40b4tz2.gif	image/gif	yes	开心得意	黑白小猫在沙滩跳舞的 GIF	跳舞,开心,沙滩,动图	高兴得开始跳舞时
080	img-1754893919105008bFqEhgy1i3f3qh2c2ig30b40b4x6p.gif	img-1754893919105008bFqEhgy1i3f3qh2c2ig30b40b4x6p.gif	image/gif	yes	生气质问	黑白两只猫互相推搡的 GIF	打架,推搡,猫,动图	玩笑式开打时
081	img-1755959977275bae969f163dc1fd0e2c9e40fc411bdf5ba25dd652b1f7a3972122efa5f77692c.jpg	img-1755959977275bae969f163dc1fd0e2c9e40fc411bdf5ba25dd652b1f7a3972122efa5f77692c.jpg	image/jpeg	no	害羞可爱	圆脸小仓鼠眨巴眼睛	仓鼠,可爱,乖	乖乖望着对方时
082	img-1762170796684574fbb0b91d0f0b8b2e3b733dd1799a0e8142af9eb8463e0d0cb333b26301f33.jpg	render/082.jpg	image/heic	no	搞怪抽象	草地小猪困惑自己为什么每天又呆萌又懵逼	小猪,呆萌,懵逼,困惑	用一本正经的语气自嘲脑袋发懵时
083	img-1762170820720008ecTkcly1i6y71pe6khg306o06oq72.gif	img-1762170820720008ecTkcly1i6y71pe6khg306o06oq72.gif	image/gif	yes	震惊疑惑	粉色小猪猛然抬头的 GIF	小猪,抬头,震惊,动图	突然听到关键词时
084	img-1762170861429006JKNt0ly1i6ul6pwcwsg303c03cdg6.gif	img-1762170861429006JKNt0ly1i6ul6pwcwsg303c03cdg6.gif	image/gif	yes	贴贴撒娇	两只软团子抱在一起亲吻的 GIF	亲亲,抱抱,贴贴,动图	想抱住亲一口时
085	img-1762170872461006JKNt0ly1i6ul6qpo74g303c03ct9t.gif	img-1762170872461006JKNt0ly1i6ul6qpo74g303c03ct9t.gif	image/gif	yes	委屈哭哭	小团子缩成一团发抖哭泣的 GIF	发抖,缩成团,哭,动图	难受得缩起来时
086	img-1762170876965006JKNt0ly1i6ul6r1uitg303c03cdge.gif	img-1762170876965006JKNt0ly1i6ul6r1uitg303c03cdge.gif	image/gif	yes	喜欢爱意	两只团子亲亲贴脸的 GIF	亲亲,贴脸,爱意,动图	甜甜亲对方时
087	img-1762233228210a8f9c04e425b9ad199743ab73a5b93f0a9ed8edef40007bec09a1f95e6325882.jpg	render/087.jpg	image/heic	no	委屈哭哭	猫猫特写，鼻尖旁挂着蓝色泪滴	泪滴,猫,贴脸	凑近展示自己的委屈时
088	img-1762514885155d3c37a70ebf2a8850b6459145f0d7b5175dc38d3402c67ffb7f17257a6e053b5.jpg	img-1762514885155d3c37a70ebf2a8850b6459145f0d7b5175dc38d3402c67ffb7f17257a6e053b5.jpg	image/jpeg	no	震惊疑惑	白猫配字“何意味……”	什么意思,疑惑,白猫	听见费解发言时
089	img-1762515119898005HBjISly1i73u3nhl6dg30dc0dcabc.gif	img-1762515119898005HBjISly1i73u3nhl6dg30dc0dcabc.gif	image/gif	yes	贴贴撒娇	闪亮泪眼表情伸出双手恳求的 GIF	求求,泪眼,双手,动图	郑重又可怜地拜托时
090	img-1763732731839fea0fc8f4526e084e5342975e92b2eab6a196b1ea2473b701713f9a2b7f78710.jpg	img-1763732731839fea0fc8f4526e084e5342975e92b2eab6a196b1ea2473b701713f9a2b7f78710.jpg	image/jpeg	no	贴贴撒娇	戴厨师帽奶猫说“请尽情吩咐小猫 主人”	主人,吩咐,厨师猫,乖	乖乖听令或主动服务时
091	img-17663826285750cbd430293c136a0b744d80387e1135c8b66a0564fb287c13482d012de441b8c.jpg	img-17663826285750cbd430293c136a0b744d80387e1135c8b66a0564fb287c13482d012de441b8c.jpg	image/jpeg	no	委屈哭哭	灰白人脸静静流下两道泪	流泪,沉默,人脸	沉默地表示受伤时
092	img-17684084918068afed15246bde3a009dbe27a4fe128c568a67069b1406bd6538b1e0f6228b7a7.jpg	render/092.jpg	image/heic	no	崩溃疲惫	泪眼脸抱怨“世界怎么这么坏”	世界太坏,泪眼,崩溃	觉得今天处处不顺时
093	img-17703927927420079ArMogy1ia18vithbbg3046046dhw.gif	img-17703927927420079ArMogy1ia18vithbbg3046046dhw.gif	image/gif	yes	生气质问	小动物从哭泣切换到生气的 GIF	气哭,翻脸,生气,动图	委屈积累成愤怒时
094	img-1771850340535b8fb5d40b3e59fe8d3be0442bb3d344e66f96e85b6f56f075762705a49539a23.jpg	render/094.jpg	image/heic	no	生气质问	小动物一边脸红一边气哭	气哭,脸红,眼泪	被气得眼泪汪汪时
095	img-1772193602855008xCjjngy1iaozr2pp06g306o078n5h.gif	img-1772193602855008xCjjngy1iaozr2pp06g306o078n5h.gif	image/gif	yes	崩溃疲惫	小猪走着走着倒下的 GIF	倒下,累死,小猪,动图	累到当场躺平时
096	img-1775286354925007bshPyly1ibun6fa45mg30dc0dc4qq.gif	img-1775286354925007bshPyly1ibun6fa45mg30dc0dc4qq.gif	image/gif	yes	震惊疑惑	路人女性震惊回头的 GIF	震惊,回头,不敢相信,动图	听到惊人消息时
097	img-1775286361460007bshPyly1ibun6gh0xcg308007yhdw.gif	img-1775286361460007bshPyly1ibun6gh0xcg308007yhdw.gif	image/gif	yes	无语嫌弃	银衣女性侧眼后露出笑容的 GIF	侧眼,忍笑,看戏,动图	一边嫌弃一边看热闹时
098	img-1775987909361c460473a4812e7c964fb0257e54f939a16b4c95010790972cbcb39d3f957dea4.jpg	img-1775987909361c460473a4812e7c964fb0257e54f939a16b4c95010790972cbcb39d3f957dea4.jpg	image/jpeg	no	委屈哭哭	男孩贴脸哭泣	大哭,贴脸,男孩	情绪彻底绷不住时
099	img-17782466161665feed950357da02d31915a63003225d35d77c61ee607580c56fc34c6791ae4f4.jpg	img-17782466161665feed950357da02d31915a63003225d35d77c61ee607580c56fc34c6791ae4f4.jpg	image/jpeg	no	喜欢爱意	线条小猫闭眼贴脸亲吻	猫猫,亲亲,贴脸	轻轻亲对方时
100	img-17782466196506a41d464a123d43bb3a9b2cef421a22ab10bef51873d14a4b3b876ec14a01d03.jpg	img-17782466196506a41d464a123d43bb3a9b2cef421a22ab10bef51873d14a4b3b876ec14a01d03.jpg	image/jpeg	no	贴贴撒娇	小猫扑倒另一只小动物	扑倒,抱住,猫猫	想一把扑住对方时
101	img-1778246626871ff125d6f6d136b666036a967b159a33d029b7fb2642e2686c5647fd138366dc2.jpg	img-1778246626871ff125d6f6d136b666036a967b159a33d029b7fb2642e2686c5647fd138366dc2.jpg	image/jpeg	no	害羞可爱	线条猫猫眼神呆萌还流着口水	馋,流口水,呆萌	看见想吃或想要的东西时
102	img-17790778617270078IeR8gy1id8k53jup0g305l05l4qp.gif	img-17790778617270078IeR8gy1id8k53jup0g305l05l4qp.gif	image/gif	yes	安慰陪伴	手心里的小猪眨眼动图	手心,小猪,安抚,动图	把对方捧在手心哄时
103	img-17790778859140079ArMogy1id8k3fpeqtg30b40b44qs.gif	img-17790778859140079ArMogy1id8k3fpeqtg30b40b44qs.gif	image/gif	yes	问候等候	小猪从睡梦中抬头醒来的 GIF	醒来,小猪,起床,动图	刚睡醒或被叫醒时
104	img-17792412967717fd9f062b45cbbe9d384659787f664c11a8ab5addc51d9aea22ff73da74849f7.jpg	img-17792412967717fd9f062b45cbbe9d384659787f664c11a8ab5addc51d9aea22ff73da74849f7.jpg	image/jpeg	no	崩溃疲惫	小人喷出一大口红色液体	吐血,重创,崩溃	被离谱事情重创时
105	img-1780639208054e0b7f09583080aade62a6cd46835f51da55eb024db0420bec496f2afa925b642.jpg	img-1780639208054e0b7f09583080aade62a6cd46835f51da55eb024db0420bec496f2afa925b642.jpg	image/jpeg	no	震惊疑惑	小人抱住自己紧张发抖	紧张,害怕,发抖	心里没底时
106	img-1780639214405043e7dbfc82fbbe32c9a9044a16454e13752bd0a64c198251ef40f7ff71d274d.jpg	img-1780639214405043e7dbfc82fbbe32c9a9044a16454e13752bd0a64c198251ef40f7ff71d274d.jpg	image/jpeg	no	生气质问	皱眉小人原地气到变形	暴怒,皱眉,炸毛	怒气快速上升时
107	img-178063934828464226bb70c7d7e3ee359f8c9f50a3112b75358182e38dbc241c9e0c3d8ab230b.jpg	img-178063934828464226bb70c7d7e3ee359f8c9f50a3112b75358182e38dbc241c9e0c3d8ab230b.jpg	image/jpeg	no	喜欢爱意	小兔子把另一只兔子按住亲，头顶爱心	按住亲,兔子,爱心	强势又可爱地亲亲时
108	img-1780639357635cb037e6c86471fd7d323575822fe1cf161d9fe85f14a95310fe515619087495a.jpg	img-1780639357635cb037e6c86471fd7d323575822fe1cf161d9fe85f14a95310fe515619087495a.jpg	image/jpeg	no	委屈哭哭	兔子躺在枕边流泪	躺着,兔子,眼泪	躺平后偷偷难过时
109	img-1780639362034e3b0bfa950edcd921989b6390b549881ba17d3e20b771c679512bda49ea19b51.jpg	img-1780639362034e3b0bfa950edcd921989b6390b549881ba17d3e20b771c679512bda49ea19b51.jpg	image/jpeg	no	开心得意	戴耳机兔子随音乐摇摆	听歌,跳舞,兔子	听到喜欢的歌时
110	img-17806393779500f7b3d8e7c2ad0ba21fb43be81e361106ae6cbf0b0045bdd53f89e93434bcf9d.jpg	img-17806393779500f7b3d8e7c2ad0ba21fb43be81e361106ae6cbf0b0045bdd53f89e93434bcf9d.jpg	image/jpeg	no	委屈哭哭	圆滚滚小熊张嘴流泪	小熊,嚎哭,眼泪	大声哭给对方看时
111	img-17806397741560079ArMogy1idtp8c06dpg306y06yaai.gif	img-17806397741560079ArMogy1idtp8c06dpg306y06yaai.gif	image/gif	yes	贴贴撒娇	小猫抱住人的腿不放的 GIF	抱腿,不放,猫,动图	不许对方离开时
112	img-1780639790614006wWlZTly1idtqeq8bxpg304q04qq3t.gif	img-1780639790614006wWlZTly1idtqeq8bxpg304q04qq3t.gif	image/gif	yes	害羞可爱	白色小团子软乎乎晃动的 GIF	团子,晃动,卖萌,动图	无台词软萌刷存在感时
113	img-1781353372016340435c40bfb29c8aeb59a3e9cb5233bedee4f0d0f43edcae1a0558ce9366eb7.jpg	img-1781353372016340435c40bfb29c8aeb59a3e9cb5233bedee4f0d0f43edcae1a0558ce9366eb7.jpg	image/jpeg	no	委屈哭哭	白猫含泪说自己今天很委屈、很无辜、一直偷偷哭	白猫,委屈,无辜,偷偷哭	把今天积攒的委屈一股脑说出来时
114	img-17826282304026e3816727a70bb82d87d9c00da7887d67e4b5637669b4f6834a125d16c8f7e83.jpg	render/114.jpg	image/heic	no	搞怪抽象	仓鼠在地板爱心旁讲屎尿式告白	仓鼠,便便,告白,抽象	用很脏又很爱的方式搞怪时
115	img-17837807055978f0f138a5ca727370b5cc0a3d40d29d937aa5f293b0ee77aa5ed4bf7456c4b60.jpg	render/115.jpg	image/heic	no	问候等候	泪眼小奶猫凑近说“hi”	hi,奶猫,泪眼	带一点委屈地来打招呼时
116	img-1783780711798b7e0fde807a80a9469ccae6b960986e249321d8eb7c048c20de8b649b4d7ba56.jpg	img-1783780711798b7e0fde807a80a9469ccae6b960986e249321d8eb7c048c20de8b649b4d7ba56.jpg	image/jpeg	no	委屈哭哭	猫猫趴在碗边流蓝色眼泪	猫,饭碗,流泪	边吃边委屈或求投喂时
117	img-1783862999484b455c2785dd7833a2de2dd8ca21aa528dee0d53f0e7dc0e0b99dfd93cdffde30.jpg	render/117.jpg	image/heic	no	震惊疑惑	小狗贴脸睁大眼睛	小狗,贴脸,惊讶	凑近确认情况时
118	img-178410892580087a50ec33a2793962394c14409ce77b0619e05ca062ce7476b195b52353febe6.jpg	img-178410892580087a50ec33a2793962394c14409ce77b0619e05ca062ce7476b195b52353febe6.jpg	image/jpeg	no	震惊疑惑	昏暗房间里猫猫突然回头	猫,回头,惊到	突然察觉不对劲时
119	img-17841089329511bb10f999066f37336c80225fc360b81f6ab645d4ac49ec11ad0b00b2f41a977.jpg	render/119.jpg	image/heic	no	委屈哭哭	穿小衣服的猫猫流下两串泪	猫,衣服,大哭	可怜兮兮地哭诉时
120	img-17845346633360063Rz1Sgy1if9d45hu0cg30b40c2u0x.gif	img-17845346633360063Rz1Sgy1if9d45hu0cg30b40c2u0x.gif	image/gif	yes	害羞可爱	圆滚滚猫猫脸红晃动的 GIF	脸红,猫,害羞,动图	被夸或被亲后脸红时
121	img-17845346776480063Rz1Sgy1if9d44smwqg30b40b44ab.gif	img-17845346776480063Rz1Sgy1if9d44smwqg30b40b44ab.gif	image/gif	yes	喜欢爱意	小仓鼠胸前冒出粉色爱心的 GIF	仓鼠,爱心,告白,动图	安静释放爱意时
122	img-17845346945290063Rz1Sgy1if9d42f726g30b40b4kbt.gif	img-17845346945290063Rz1Sgy1if9d42f726g30b40b4kbt.gif	image/gif	yes	害羞可爱	橙色小团子低头扭捏的 GIF	扭捏,害羞,团子,动图	不好意思开口时
123	img-1785147291423007aGeeGgy1ife9yuz36fg30b40b44qp.gif	img-1785147291423007aGeeGgy1ife9yuz36fg30b40b44qp.gif	image/gif	yes	开心得意	黑白两只猫一起跳舞的 GIF	双人舞,猫,开心,动图	想拉着对方一起庆祝时
124	img-1785147295937007aGeeGgy1ife9yw68gtj306o06ot8r.gif	render/124.jpg	image/jpeg	no	喜欢爱意	星星眼小动物送玫瑰，配字“我想跟你好”	玫瑰,示好,星星眼	认真提出和好或靠近时
125	img-1785147305454007aGeeGgy1ife9yxjdd4j30k00k0jtr.gif	render/125.jpg	image/jpeg	no	喜欢爱意	小兔站在满屏 love 前说“我真的超爱你”	超爱你,love,兔子	超直白表达很爱对方时
126	img-1785147312236007aGeeGgy1ife9zks6g0j306o06o74f.gif	render/126.jpg	image/jpeg	no	喜欢爱意	白色小动物被爱心包围，兴奋冲来	爱心,兴奋,扑来	爱意满到冲向对方时
127	img-178514733845757396c69637fb909aafa76b230d867e560898437eba7eb48df607fc18fdc4068.jpg	img-178514733845757396c69637fb909aafa76b230d867e560898437eba7eb48df607fc18fdc4068.jpg	image/jpeg	no	喜欢爱意	大眼白色小动物伸出爪爪亲吻	爪爪,亲亲,星星眼	软乎乎送亲亲时
128	img-17851473517524fa7215d9e01adc86595864760a31d8956409e3a05829c2f6f580fbd5caf252f.jpg	img-17851473517524fa7215d9e01adc86595864760a31d8956409e3a05829c2f6f580fbd5caf252f.jpg	image/jpeg	no	喜欢爱意	严肃猫脸配字“我要爱你”	我要爱你,认真,猫	板着脸认真告白时
129	img-178514736272310cbd33e73ea979fcccc743acb8ef6ffdccdb53d4ba889129e6c1a2632035e32.jpg	img-178514736272310cbd33e73ea979fcccc743acb8ef6ffdccdb53d4ba889129e6c1a2632035e32.jpg	image/jpeg	no	安慰陪伴	小动物在被窝里安稳睡觉	睡觉,被窝,晚安	陪对方入睡或道晚安时
130	img-17851473705743696a605a5b135283365e616407f3a78ff9f77f45f7a58902dbaa0ea9fba8165.jpg	img-17851473705743696a605a5b135283365e616407f3a78ff9f77f45f7a58902dbaa0ea9fba8165.jpg	image/jpeg	no	害羞可爱	小动物双手放在身前脸红扭捏	脸红,扭捏,害羞	被说中心事时
131	img-1785147375940e791a7927cd7ebc476cc3b8ab370ebf289bc756bb29a867061787c1c1670dc30.jpg	img-1785147375940e791a7927cd7ebc476cc3b8ab370ebf289bc756bb29a867061787c1c1670dc30.jpg	image/jpeg	no	喜欢爱意	圆脸小动物抱着大红心	抱心,爱你,红心	把爱心抱给对方时
132	img-1785147413591abc7b2194df98358205bdb23496a1f1aead5be5695ebc9e8f523da29627efb3e.jpg	img-1785147413591abc7b2194df98358205bdb23496a1f1aead5be5695ebc9e8f523da29627efb3e.jpg	image/jpeg	no	委屈哭哭	猫猫泪眼贴脸望着	猫,泪眼,贴脸	需要被立刻哄时
133	img-17851474245047d0f7e7015cd6c65643ba616cf24a808d54a38ef72241b7cc67438aa03d138d8.jpg	img-17851474245047d0f7e7015cd6c65643ba616cf24a808d54a38ef72241b7cc67438aa03d138d8.jpg	image/jpeg	no	委屈哭哭	小猫流泪特写	小猫,流泪,可怜	轻度委屈求安慰时
134	img-1785147455024a54a376ae4436eba74f0ea3bc4a0f0f2251597319f28afaab16120c3c9b03d62.jpg	render/134.jpg	image/heic	no	害羞可爱	泪眼小猫配字“咪”	咪,泪眼,奶猫	软软叫一声求关注时
135	img-1785147467106275f8e517dbf5d4166049be1f65d8c76ef012fd77bafb3ad5bd09886ae049151.jpg	render/135.jpg	image/heic	no	无语嫌弃	猫猫仰着坐在椅子上，姿态松弛	坐着,看戏,猫	悠闲旁观或摆烂时
136	img-1785147473202e53b78816a1501ba483a71bfbdab5c6edd19c278052ca2dd95ee6ded0a772e92.jpg	img-1785147473202e53b78816a1501ba483a71bfbdab5c6edd19c278052ca2dd95ee6ded0a772e92.jpg	image/jpeg	no	委屈哭哭	小奶猫低头蔫蔫的	奶猫,低头,难过	受冷落后安静低落时
137	img-1785147512475799e84a97402b1e1b4db5c7a6f409f2aface0e60680df388bf2953d4c3cb38e1.jpg	img-1785147512475799e84a97402b1e1b4db5c7a6f409f2aface0e60680df388bf2953d4c3cb38e1.jpg	image/jpeg	no	害羞可爱	橘猫低头用爪子遮住脸	捂脸,害羞,橘猫	害羞到不敢看时
138	img-17851475333191dab691414a8eb2155c541e928f9987e7838b6bfccd85d40457ab2b4cf668064.jpg	img-17851475333191dab691414a8eb2155c541e928f9987e7838b6bfccd85d40457ab2b4cf668064.jpg	image/jpeg	no	震惊疑惑	猫猫歪着倒看镜头	歪头,倒看,好奇	换个角度认真观察时
139	img-17852999461430063Rz1Sgy1ifknxt2t4lg303w03wdhw.gif	img-17852999461430063Rz1Sgy1ifknxt2t4lg303w03wdhw.gif	image/gif	yes	无语嫌弃	灰色小人抱臂迈步坏笑的 GIF	坏笑,抱臂,得意,动图	看穿一切后小坏一下时
140	img-17852999533130063Rz1Sgy1ifknxtlcnkg303w03wju6.gif	img-17852999533130063Rz1Sgy1ifknxtlcnkg303w03wju6.gif	image/gif	yes	崩溃疲惫	灰色小人趴地抱瓶哭泣的 GIF	趴地,喝酒,哭,动图	崩溃到趴下借酒消愁时
141	img-17852999555310063Rz1Sgy1ifknxus581g303w03wjt0.gif	img-17852999555310063Rz1Sgy1ifknxus581g303w03wjt0.gif	image/gif	yes	问候等候	小人盖被睡觉冒鼻涕泡的 GIF	睡觉,晚安,鼻涕泡,动图	说要睡了或等到睡着时
142	img-1785316500080de4f36857bc55068a067d47432df47bd6a586f90ff4872e41288991d627a663f.jpg	render/142.jpg	image/heic	no	喜欢爱意	黑白两只猫并排，分别标注 :p 和 :3	两只猫,情侣,并排	表示我们两个黏在一起时
143	img-1785316503214e55f4d3583d2518dcc4018511274f60ed3808991c2c0d5bcb3669930acb6dcf6.jpg	render/143.jpg	image/heic	no	喜欢爱意	两只猫并排，画面标注“us”	我们,us,两只猫	看到像彼此的画面时
144	img-178566486030320d0cc9df862c8a199b500dd3038e3ed0d7c38e3b9a239d625e9e221276610a8.jpg	img-178566486030320d0cc9df862c8a199b500dd3038e3ed0d7c38e3b9a239d625e9e221276610a8.jpg	image/jpeg	no	问候等候	两只小熊说刚才像做了噩梦，现在要去冬眠	醒来,噩梦,冬眠,小熊	刚睡醒胡言乱语或准备继续睡时
145	img-1785729304776a731972e29559959a48e73a5afd0869825b86737cc96626947c3359eca04dcdc.jpg	img-1785729304776a731972e29559959a48e73a5afd0869825b86737cc96626947c3359eca04dcdc.jpg	image/jpeg	no	委屈哭哭	小团子哭成一滩水	哭成一滩,团子,眼泪	彻底化掉式大哭时
146	img-178572931683892dd59b9ec3c644fb65496f69513d09365606aadc12a7a369caf207ac1199b02.jpg	img-178572931683892dd59b9ec3c644fb65496f69513d09365606aadc12a7a369caf207ac1199b02.jpg	image/jpeg	no	崩溃疲惫	小动物趴着看手机流泪	等消息,手机,趴着,哭	等不到回复时
147	img-17869775112240063Rz1Sgy1ig6qeps12ng30b40b4hdt.gif	img-17869775112240063Rz1Sgy1ig6qeps12ng30b40b4hdt.gif	image/gif	yes	安慰陪伴	粉色兔子抱着小动物轻轻安抚的 GIF	兔子,抱抱,照顾,动图	把对方抱在怀里照顾时
148	img-17869775153480063Rz1Sgy1ig6psnto8sg30b40b44b3.gif	img-17869775153480063Rz1Sgy1ig6psnto8sg30b40b44b3.gif	image/gif	yes	委屈哭哭	圆脸微笑着掉下一滴泪的 GIF	微笑流泪,苦笑,动图	一边说没事一边掉泪时
149	img-17869775216541f80a27a1250864575b2603ba18e64da8b5f99787a133926f044b82aa1a1a9fb.jpg	img-17869775216541f80a27a1250864575b2603ba18e64da8b5f99787a133926f044b82aa1a1a9fb.jpg	image/jpeg	no	贴贴撒娇	白猫流泪配字“我离不开你”	离不开你,白猫,哭,黏人	直白表达舍不得分开时
